-- Data for Name: resources; Type: TABLE DATA; Schema: public; Owner: -
--

INSERT INTO public.resources VALUES ('497e7ec1-f1b2-4228-b043-ae4d044fdfe8', 'soybelumont', 'https://pub-eeeedeaf61324e078a580c3b496bdf41.r2.dev/041d200c-912c-4388-9b4b-49336288d6b2.pdf', '2025-07-27 01:11:35.09943+00');
INSERT INTO public.resources VALUES ('5cfdbacf-f7fa-4a27-bb06-663cadd44758', 'products', 'https://lidpjayvyknoodjfylaw.supabase.co/storage/v1/object/public/public-assets/products/17.png', '2024-11-24 23:36:37.471192+00');
INSERT INTO public.resources VALUES ('bfa2502b-a37d-444a-8a14-d4211780cd25', 'products', 'https://lidpjayvyknoodjfylaw.supabase.co/storage/v1/object/public/public-assets/products/28.png', '2024-11-24 23:33:40.236282+00');
INSERT INTO public.resources VALUES ('fc6b0b5a-c17d-47a1-b9b1-3f6fd711d8c9', 'products', 'https://lidpjayvyknoodjfylaw.supabase.co/storage/v1/object/public/public-assets/products/16.png', '2024-11-24 23:36:17.394651+00');
INSERT INTO public.resources VALUES ('c5c1532a-c7f4-495a-a4f7-bcd1c9778535', 'soybelumont', 'https://pub-eeeedeaf61324e078a580c3b496bdf41.r2.dev/730843fe-59a1-4452-a8ae-87095de264a3.pdf', '2024-11-19 19:29:01.587578+00');
INSERT INTO public.resources VALUES ('65d5206c-6705-479a-9b18-7deb9c6ba25f', 'products', 'https://pub-eeeedeaf61324e078a580c3b496bdf41.r2.dev/8b3ee8af-866a-4bc7-9f15-5bdd17bfbb97.pdf', '2025-07-27 03:40:13.775392+00');
INSERT INTO public.resources VALUES ('5b5081c5-76cb-4cd9-aacc-335fc988b588', 'products', 'https://lidpjayvyknoodjfylaw.supabase.co/storage/v1/object/public/public-assets/products/default_no_image.png', '2025-07-27 01:16:56.782049+00');
INSERT INTO public.resources VALUES ('4684d5d1-6926-4143-b121-4e0921c14944', 'products', 'https://lidpjayvyknoodjfylaw.supabase.co/storage/v1/object/public/public-assets/products/caldo_de_huesos_en_casa_imagen1.jpeg', '2025-07-28 01:32:07.545275+00');
INSERT INTO public.resources VALUES ('9937260a-deba-4304-817f-16deff78c65b', 'products', 'https://lidpjayvyknoodjfylaw.supabase.co/storage/v1/object/public/public-assets/products/caldo_de_huesos_en_casa_imagen2.jpeg', '2025-07-28 01:35:31.064432+00');
INSERT INTO public.resources VALUES ('94ac5c34-b7b7-4c5a-9d3e-fb256befb8e4', 'products', 'https://lidpjayvyknoodjfylaw.supabase.co/storage/v1/object/public/public-assets/products/caldo_de_huesos_en_casa_imagen3.jpeg', '2025-07-28 01:38:15.88163+00');
INSERT INTO public.resources VALUES ('511b376b-fb8a-4bdd-8e5f-2314e0de77d8', 'products', 'https://lidpjayvyknoodjfylaw.supabase.co/storage/v1/object/public/public-assets/products/menu_semanal_gluten_free_imagen1.jpeg', '2025-07-28 01:53:09.427611+00');
INSERT INTO public.resources VALUES ('7076f89b-a8c5-4807-ba6c-fd5d3e861126', 'products', 'https://lidpjayvyknoodjfylaw.supabase.co/storage/v1/object/public/public-assets/products/menu_semanal_gluten_free_imagen2.jpeg', '2025-07-28 01:53:31.445103+00');
INSERT INTO public.resources VALUES ('ffefa0c1-dad0-4fcb-8ed1-522b97b60328', 'products', 'https://lidpjayvyknoodjfylaw.supabase.co/storage/v1/object/public/public-assets/products/menu_semanal_gluten_free_imagen3.jpeg', '2025-07-28 01:54:30.275054+00');


--
-- Data for Name: products; Type: TABLE DATA; Schema: public; Owner: -
--

INSERT INTO public.products VALUES ('628a54d2-21e1-46a8-85cf-b85d27a25653', 'Menú semanal (Gluten free)', 15000, 'https://lidpjayvyknoodjfylaw.supabase.co/storage/v1/object/public/public-assets/products/menu_semanal_gluten_free_portada.jpeg', 'Optimizá tus comidas y llevá tu organización al siguiente nivel con el Recetario MENÚ SEMANAL', '2025-07-27 03:42:56.898176+00', 'https://pub-eeeedeaf61324e078a580c3b496bdf41.r2.dev/8b3ee8af-866a-4bc7-9f15-5bdd17bfbb97.pdf', 'menu-semanal-gluten-free', true, 'https://lidpjayvyknoodjfylaw.supabase.co/storage/v1/object/public/public-assets/products/menu_semanal_gluten_free_thumbnail%20(1).jpeg');
INSERT INTO public.products VALUES ('69c9003e-56e0-4201-9feb-c53900fc474d', 'Caldo de huesos en casa', 5000, 'https://lidpjayvyknoodjfylaw.supabase.co/storage/v1/object/public/public-assets/products/caldo_de_huesos_en_casa_portada.jpeg', 'Aprendé a elaborar este elixir ancestral, el mejor aliado para potenciar tu salud', '2025-07-27 01:12:09.264673+00', 'https://pub-eeeedeaf61324e078a580c3b496bdf41.r2.dev/041d200c-912c-4388-9b4b-49336288d6b2.pdf', 'caldo-de-huesos-en-casa', true, 'https://lidpjayvyknoodjfylaw.supabase.co/storage/v1/object/public/public-assets/products/caldo_de_huesos_en_casa_portada.jpeg');
INSERT INTO public.products VALUES ('cf5b3991-1c7a-42cc-b9fd-541d065c5067', 'Recetario para fiestas saludables', 20000, 'https://lidpjayvyknoodjfylaw.supabase.co/storage/v1/object/public/public-assets/products/Recetario%20para%20Fiestas%20Saludable.png', 'Las mejores recetas saludables compartir en estas fiestas', '2024-11-14 17:45:33.496414+00', 'https://pub-eeeedeaf61324e078a580c3b496bdf41.r2.dev/730843fe-59a1-4452-a8ae-87095de264a3.pdf', 'recetario-para-fiestas-saludables', true, 'https://lidpjayvyknoodjfylaw.supabase.co/storage/v1/object/public/public-assets/products/Recetario%20para%20Fiestas%20Saludable.png');


--
-- Data for Name: users; Type: TABLE DATA; Schema: public; Owner: -
--

INSERT INTO public.users VALUES ('ae7a0185-aa7c-4b87-b676-70a52d4be528', 'germanviglietti@gmail.com', '2024-11-18 19:59:34.347073+00', 'Germán Viglietti');
INSERT INTO public.users VALUES ('10ffe5ea-e887-4851-a1a8-df5a50c555af', 'sofipando3@gmail.com', '2024-12-18 20:26:51.761365+00', 'Sofia');
INSERT INTO public.users VALUES ('feeb7b69-9cc4-4591-be17-c4e772fa2733', 'veronicabenavides77@gmail.com', '2024-12-19 01:55:13.892262+00', 'VERÓNICA BENAVIDES');


--
-- Data for Name: orders; Type: TABLE DATA; Schema: public; Owner: -
--

INSERT INTO public.orders VALUES ('26bc3d2b-64f0-4ec7-a5ed-a59cb24e8f08', 'paid', '2024-12-18 20:26:52.160523+00', '2024-12-18 20:26:52.160523+00', '10ffe5ea-e887-4851-a1a8-df5a50c555af', 'cf5b3991-1c7a-42cc-b9fd-541d065c5067');
INSERT INTO public.orders VALUES ('7bc9a4ae-c2ec-488b-a5e5-35c41d506bef', 'paid', '2024-12-19 01:55:14.318769+00', '2024-12-19 01:55:14.318769+00', 'feeb7b69-9cc4-4591-be17-c4e772fa2733', 'cf5b3991-1c7a-42cc-b9fd-541d065c5067');
INSERT INTO public.orders VALUES ('d7206ee6-584d-4445-8dba-a17c62ed897d', 'completed', '2024-12-13 20:09:40.762842+00', '2024-12-13 20:09:40.762842+00', 'ae7a0185-aa7c-4b87-b676-70a52d4be528', 'cf5b3991-1c7a-42cc-b9fd-541d065c5067');
INSERT INTO public.orders VALUES ('85db5fc8-c216-413c-98f3-5ac9961879b7', 'pending', '2025-07-28 02:08:04.892232+00', '2025-07-28 02:08:04.892232+00', 'ae7a0185-aa7c-4b87-b676-70a52d4be528', '628a54d2-21e1-46a8-85cf-b85d27a25653');
INSERT INTO public.orders VALUES ('c4e73ce1-4b08-4a4d-94aa-3053c1af0fd9', 'pending', '2025-07-28 02:08:09.761069+00', '2025-07-28 02:08:09.761069+00', 'ae7a0185-aa7c-4b87-b676-70a52d4be528', '628a54d2-21e1-46a8-85cf-b85d27a25653');
INSERT INTO public.orders VALUES ('4f42a6ed-1b0e-48d9-b0e2-879342244c71', 'pending', '2025-07-28 02:21:45.775887+00', '2025-07-28 02:21:45.775887+00', 'ae7a0185-aa7c-4b87-b676-70a52d4be528', '628a54d2-21e1-46a8-85cf-b85d27a25653');
INSERT INTO public.orders VALUES ('1054ccee-39ec-4422-b713-959fe9778cc5', 'pending', '2025-07-28 02:21:54.92348+00', '2025-07-28 02:21:54.92348+00', 'ae7a0185-aa7c-4b87-b676-70a52d4be528', '628a54d2-21e1-46a8-85cf-b85d27a25653');
INSERT INTO public.orders VALUES ('cdc4cff6-f85e-4f5a-aa1b-9c2a09f691cf', 'pending', '2025-07-28 02:22:30.927288+00', '2025-07-28 02:22:30.927288+00', 'ae7a0185-aa7c-4b87-b676-70a52d4be528', '628a54d2-21e1-46a8-85cf-b85d27a25653');
INSERT INTO public.orders VALUES ('da612755-0e60-44cd-a3b3-9afc2359ed21', 'pending', '2025-07-28 02:25:26.74594+00', '2025-07-28 02:25:26.74594+00', 'ae7a0185-aa7c-4b87-b676-70a52d4be528', '628a54d2-21e1-46a8-85cf-b85d27a25653');
INSERT INTO public.orders VALUES ('26170bf2-50dd-4cc4-b7e0-2d394c73386c', 'pending', '2025-07-28 02:26:40.696152+00', '2025-07-28 02:26:40.696152+00', 'ae7a0185-aa7c-4b87-b676-70a52d4be528', '628a54d2-21e1-46a8-85cf-b85d27a25653');
INSERT INTO public.orders VALUES ('b5e8f499-7edd-41a7-b667-9ea464e4893b', 'pending', '2025-07-28 02:28:27.374159+00', '2025-07-28 02:28:27.374159+00', 'ae7a0185-aa7c-4b87-b676-70a52d4be528', '628a54d2-21e1-46a8-85cf-b85d27a25653');
INSERT INTO public.orders VALUES ('d4ca9b96-96dd-4411-9693-494e3536932d', 'pending', '2025-07-28 02:31:20.530861+00', '2025-07-28 02:31:20.530861+00', 'ae7a0185-aa7c-4b87-b676-70a52d4be528', '628a54d2-21e1-46a8-85cf-b85d27a25653');
INSERT INTO public.orders VALUES ('8cb7ea24-2e22-4d25-aea9-bc55798f53c8', 'pending', '2025-07-28 02:32:27.081877+00', '2025-07-28 02:32:27.081877+00', 'ae7a0185-aa7c-4b87-b676-70a52d4be528', '628a54d2-21e1-46a8-85cf-b85d27a25653');
INSERT INTO public.orders VALUES ('6d63ebed-3609-4e98-b11e-d856fee618e2', 'pending', '2025-07-28 02:33:58.417258+00', '2025-07-28 02:33:58.417258+00', 'ae7a0185-aa7c-4b87-b676-70a52d4be528', '628a54d2-21e1-46a8-85cf-b85d27a25653');
INSERT INTO public.orders VALUES ('54d687f9-2981-4ff3-a2ee-f72029ad1435', 'pending', '2025-07-28 02:34:48.243753+00', '2025-07-28 02:34:48.243753+00', 'ae7a0185-aa7c-4b87-b676-70a52d4be528', '628a54d2-21e1-46a8-85cf-b85d27a25653');
INSERT INTO public.orders VALUES ('b342f54b-f97f-4d84-b092-f8c3357aad05', 'pending', '2025-07-28 02:36:44.719123+00', '2025-07-28 02:36:44.719123+00', 'ae7a0185-aa7c-4b87-b676-70a52d4be528', '628a54d2-21e1-46a8-85cf-b85d27a25653');
INSERT INTO public.orders VALUES ('0c7e44a3-d31f-4e49-aa99-f3ab6b05797d', 'pending', '2025-07-28 02:41:13.039611+00', '2025-07-28 02:41:13.039611+00', 'ae7a0185-aa7c-4b87-b676-70a52d4be528', '628a54d2-21e1-46a8-85cf-b85d27a25653');
INSERT INTO public.orders VALUES ('2bb6cc74-031d-4518-bd52-844f450fefb1', 'pending', '2025-07-28 02:43:27.075506+00', '2025-07-28 02:43:27.075506+00', 'ae7a0185-aa7c-4b87-b676-70a52d4be528', '628a54d2-21e1-46a8-85cf-b85d27a25653');
INSERT INTO public.orders VALUES ('b01e84b5-8ce6-4cbf-adea-07d4b9112f46', 'pending', '2025-07-28 02:46:26.152178+00', '2025-07-28 02:46:26.152178+00', 'ae7a0185-aa7c-4b87-b676-70a52d4be528', '628a54d2-21e1-46a8-85cf-b85d27a25653');
INSERT INTO public.orders VALUES ('3b7e1f6e-2aee-4119-bf20-0647f1d55861', 'pending', '2025-07-28 02:47:27.668586+00', '2025-07-28 02:47:27.668586+00', 'ae7a0185-aa7c-4b87-b676-70a52d4be528', '628a54d2-21e1-46a8-85cf-b85d27a25653');
INSERT INTO public.orders VALUES ('bb0b798e-1d68-402d-b69d-be15e096bc75', 'pending', '2025-07-28 02:51:06.366975+00', '2025-07-28 02:51:06.366975+00', 'ae7a0185-aa7c-4b87-b676-70a52d4be528', '628a54d2-21e1-46a8-85cf-b85d27a25653');
INSERT INTO public.orders VALUES ('d31105bb-968c-4a58-b364-ba58498d728b', 'pending', '2025-07-28 02:52:31.642574+00', '2025-07-28 02:52:31.642574+00', 'ae7a0185-aa7c-4b87-b676-70a52d4be528', '628a54d2-21e1-46a8-85cf-b85d27a25653');
INSERT INTO public.orders VALUES ('b0f1127a-adfb-4983-9dd6-1215438c3b1f', 'pending', '2025-07-28 02:54:04.373257+00', '2025-07-28 02:54:04.373257+00', 'ae7a0185-aa7c-4b87-b676-70a52d4be528', '628a54d2-21e1-46a8-85cf-b85d27a25653');
INSERT INTO public.orders VALUES ('8785fc40-e87a-41b0-8ba6-2ab897e0265d', 'completed', '2025-07-28 03:11:11.858081+00', '2025-07-28 03:11:11.858081+00', 'ae7a0185-aa7c-4b87-b676-70a52d4be528', '628a54d2-21e1-46a8-85cf-b85d27a25653');
INSERT INTO public.orders VALUES ('34d80102-854d-4376-aa3c-1d60310bcab6', 'completed', '2025-07-28 03:35:35.961565+00', '2025-07-28 03:35:35.961565+00', 'ae7a0185-aa7c-4b87-b676-70a52d4be528', '69c9003e-56e0-4201-9feb-c53900fc474d');
INSERT INTO public.orders VALUES ('82497948-8905-400a-baea-2f1440fc2f5c', 'completed', '2025-07-28 03:38:17.115974+00', '2025-07-28 03:38:17.115974+00', 'ae7a0185-aa7c-4b87-b676-70a52d4be528', '628a54d2-21e1-46a8-85cf-b85d27a25653');
INSERT INTO public.orders VALUES ('0a37bd04-4202-4148-959d-00b517228ecd', 'completed', '2025-07-28 03:44:29.48709+00', '2025-07-28 03:44:29.48709+00', 'ae7a0185-aa7c-4b87-b676-70a52d4be528', '628a54d2-21e1-46a8-85cf-b85d27a25653');
INSERT INTO public.orders VALUES ('e23fa68c-0087-4978-97ab-2ab5445e80c0', 'pending', '2025-07-28 06:19:01.091345+00', '2025-07-28 06:19:01.091345+00', 'ae7a0185-aa7c-4b87-b676-70a52d4be528', 'cf5b3991-1c7a-42cc-b9fd-541d065c5067');
INSERT INTO public.orders VALUES ('2c3dcfaa-f032-4ba2-a928-3b1f2574c409', 'completed', '2025-07-28 06:20:49.157862+00', '2025-07-28 06:20:49.157862+00', 'ae7a0185-aa7c-4b87-b676-70a52d4be528', '628a54d2-21e1-46a8-85cf-b85d27a25653');
INSERT INTO public.orders VALUES ('542958bb-e480-4ae7-82d5-245937c9ad7e', 'pending', '2025-08-08 20:15:42.35097+00', '2025-08-08 20:15:42.35097+00', 'ae7a0185-aa7c-4b87-b676-70a52d4be528', '628a54d2-21e1-46a8-85cf-b85d27a25653');


--
-- Data for Name: payments; Type: TABLE DATA; Schema: public; Owner: -
--

INSERT INTO public.payments VALUES ('bbbe863a-013a-4cfa-baf9-b477390f1f80', 'approved', 'mercadopago', '96764559458', '2025-01-05 19:26:01.625283+00', '2025-01-05 19:26:01.625283+00', '26bc3d2b-64f0-4ec7-a5ed-a59cb24e8f08');
INSERT INTO public.payments VALUES ('a04bed06-9ff3-4300-ae81-0d55c6b94a78', 'approved', 'mercadopago', '96449031225', '2025-01-06 00:59:29.825402+00', '2025-01-06 00:59:29.825402+00', '7bc9a4ae-c2ec-488b-a5e5-35c41d506bef');
INSERT INTO public.payments VALUES ('da2a8c4d-9aaf-4cf9-8c89-21d8ab86374c', 'approved', 'mercadopago', '96256179806', '2024-12-13 20:10:16.483831+00', '2024-12-13 20:10:16.483831+00', 'd7206ee6-584d-4445-8dba-a17c62ed897d');
INSERT INTO public.payments VALUES ('10ad656f-b073-4613-a18c-bec30b4ed63a', 'refunded', 'mercadopago', '96256179806', '2024-12-13 20:12:09.758478+00', '2024-12-13 20:12:09.758478+00', 'd7206ee6-584d-4445-8dba-a17c62ed897d');
INSERT INTO public.payments VALUES ('f80b0609-0ecd-4c82-ba49-e7ef37c06ecf', 'refunded', 'mercadopago', '96256179806', '2024-12-13 20:22:49.723845+00', '2024-12-13 20:22:49.723845+00', 'd7206ee6-584d-4445-8dba-a17c62ed897d');
INSERT INTO public.payments VALUES ('82536a09-1379-4369-a2b4-dfdb45b3e0e7', 'approved', 'mercadopago', '96764559458', '2024-12-18 20:27:17.325103+00', '2024-12-18 20:27:17.325103+00', '26bc3d2b-64f0-4ec7-a5ed-a59cb24e8f08');
INSERT INTO public.payments VALUES ('0dbd0ba2-c6be-49ab-af50-04de32e02f7a', 'approved', 'mercadopago', '96449031225', '2024-12-19 01:55:42.6415+00', '2024-12-19 01:55:42.6415+00', '7bc9a4ae-c2ec-488b-a5e5-35c41d506bef');
INSERT INTO public.payments VALUES ('69574470-c670-438e-8f9c-598ad8def83c', 'approved', 'mercadopago', '120109212368', '2025-07-28 03:12:02.850415+00', '2025-07-28 03:12:02.850415+00', '8785fc40-e87a-41b0-8ba6-2ab897e0265d');
INSERT INTO public.payments VALUES ('8d0d8143-a194-4165-8ecd-30293bcbd2a4', 'approved', 'mercadopago', '119597041889', '2025-07-28 03:36:03.752933+00', '2025-07-28 03:36:03.752933+00', '34d80102-854d-4376-aa3c-1d60310bcab6');
INSERT INTO public.payments VALUES ('132a824a-ce2d-4ab5-863e-8fbc20b51f30', 'approved', 'mercadopago', '120110384364', '2025-07-28 03:38:26.600462+00', '2025-07-28 03:38:26.600462+00', '82497948-8905-400a-baea-2f1440fc2f5c');
INSERT INTO public.payments VALUES ('39d5638c-904f-4936-a0f6-3eb8133d3c36', 'approved', 'mercadopago', '120110604656', '2025-07-28 03:44:38.890628+00', '2025-07-28 03:44:38.890628+00', '0a37bd04-4202-4148-959d-00b517228ecd');
INSERT INTO public.payments VALUES ('67323742-7807-455e-9b1a-1ab44a039075', 'refunded', 'mercadopago', '120110604656', '2025-07-28 03:49:15.207959+00', '2025-07-28 03:49:15.207959+00', '0a37bd04-4202-4148-959d-00b517228ecd');
INSERT INTO public.payments VALUES ('fc3912d7-488e-498b-afc6-a0173fec97e1', 'refunded', 'mercadopago', '120110604656', '2025-07-28 03:49:18.953184+00', '2025-07-28 03:49:18.953184+00', '0a37bd04-4202-4148-959d-00b517228ecd');
INSERT INTO public.payments VALUES ('ba8fa754-482f-4f5b-ad13-6fcb97edf49c', 'refunded', 'mercadopago', '120110604656', '2025-07-28 03:49:22.189289+00', '2025-07-28 03:49:22.189289+00', '0a37bd04-4202-4148-959d-00b517228ecd');
INSERT INTO public.payments VALUES ('77f44cce-a6d0-4924-90fb-3dfc1a0f0bc3', 'refunded', 'mercadopago', '120110384364', '2025-07-28 03:49:35.994696+00', '2025-07-28 03:49:35.994696+00', '82497948-8905-400a-baea-2f1440fc2f5c');
INSERT INTO public.payments VALUES ('586518f5-5cdf-4b4d-b629-98bf7a9320a1', 'refunded', 'mercadopago', '120110384364', '2025-07-28 03:49:41.612416+00', '2025-07-28 03:49:41.612416+00', '82497948-8905-400a-baea-2f1440fc2f5c');
INSERT INTO public.payments VALUES ('4b620d59-3464-43dd-8b1b-4b0596fbb9b4', 'refunded', 'mercadopago', '119597041889', '2025-07-28 03:50:09.426811+00', '2025-07-28 03:50:09.426811+00', '34d80102-854d-4376-aa3c-1d60310bcab6');
INSERT INTO public.payments VALUES ('b2ae6cf7-02c7-4ee3-ad46-dc1ccc748fb6', 'refunded', 'mercadopago', '119597041889', '2025-07-28 03:50:12.493335+00', '2025-07-28 03:50:12.493335+00', '34d80102-854d-4376-aa3c-1d60310bcab6');
INSERT INTO public.payments VALUES ('05db9acf-8fa7-4625-9bc7-0f95178a8b6f', 'refunded', 'mercadopago', '119597041889', '2025-07-28 03:50:15.045422+00', '2025-07-28 03:50:15.045422+00', '34d80102-854d-4376-aa3c-1d60310bcab6');
INSERT INTO public.payments VALUES ('d6c40923-fc69-4ed1-bcf6-2edb651cec08', 'refunded', 'mercadopago', '120109212368', '2025-07-28 03:50:20.320285+00', '2025-07-28 03:50:20.320285+00', '8785fc40-e87a-41b0-8ba6-2ab897e0265d');
INSERT INTO public.payments VALUES ('83208719-fb6e-4f4e-b7c0-602e7b434aa4', 'refunded', 'mercadopago', '120109212368', '2025-07-28 03:50:23.870166+00', '2025-07-28 03:50:23.870166+00', '8785fc40-e87a-41b0-8ba6-2ab897e0265d');
INSERT INTO public.payments VALUES ('0c4b8961-31dc-4172-8dd4-26366dcb8bc2', 'refunded', 'mercadopago', '120109212368', '2025-07-28 03:50:26.941021+00', '2025-07-28 03:50:26.941021+00', '8785fc40-e87a-41b0-8ba6-2ab897e0265d');
INSERT INTO public.payments VALUES ('36ccb412-ac38-4544-9f60-7d183aac94fc', 'approved', 'mercadopago', '120116494484', '2025-07-28 06:21:06.581954+00', '2025-07-28 06:21:06.581954+00', '2c3dcfaa-f032-4ba2-a928-3b1f2574c409');
INSERT INTO public.payments VALUES ('c2582530-cd95-4d30-aa5e-e79fe0274584', 'refunded', 'mercadopago', '120116494484', '2025-07-28 20:24:11.828659+00', '2025-07-28 20:24:11.828659+00', '2c3dcfaa-f032-4ba2-a928-3b1f2574c409');
INSERT INTO public.payments VALUES ('4282e1fb-536d-4939-a9a8-3b01bd750f46', 'refunded', 'mercadopago', '120116494484', '2025-07-28 20:24:22.369204+00', '2025-07-28 20:24:22.369204+00', '2c3dcfaa-f032-4ba2-a928-3b1f2574c409');


--
-- Data for Name: product_images; Type: TABLE DATA; Schema: public; Owner: -
--

INSERT INTO public.product_images VALUES ('1a004f63-ea9b-451e-b015-5c6772e93cd1', 'cf5b3991-1c7a-42cc-b9fd-541d065c5067', 'https://lidpjayvyknoodjfylaw.supabase.co/storage/v1/object/public/public-assets/products/17.png', '2024-11-24 23:37:38.392262+00');
INSERT INTO public.product_images VALUES ('6b44a888-a3fc-4b7c-bd7d-9109722d0d68', 'cf5b3991-1c7a-42cc-b9fd-541d065c5067', 'https://lidpjayvyknoodjfylaw.supabase.co/storage/v1/object/public/public-assets/products/28.png', '2024-11-24 23:35:16.421156+00');
INSERT INTO public.product_images VALUES ('5513c726-3717-4426-9898-0d5185e474e2', 'cf5b3991-1c7a-42cc-b9fd-541d065c5067', 'https://lidpjayvyknoodjfylaw.supabase.co/storage/v1/object/public/public-assets/products/16.png', '2024-11-24 23:37:20.833218+00');
INSERT INTO public.product_images VALUES ('e0fc0899-e867-4268-9aa6-ef54a47098cf', '69c9003e-56e0-4201-9feb-c53900fc474d', 'https://lidpjayvyknoodjfylaw.supabase.co/storage/v1/object/public/public-assets/products/caldo_de_huesos_en_casa_imagen2.jpeg', '2025-07-27 01:21:24.276968+00');
INSERT INTO public.product_images VALUES ('5859e38b-a048-4126-abea-fc3c0768eaf8', '69c9003e-56e0-4201-9feb-c53900fc474d', 'https://lidpjayvyknoodjfylaw.supabase.co/storage/v1/object/public/public-assets/products/caldo_de_huesos_en_casa_imagen3.jpeg', '2025-07-27 01:21:52.75099+00');
INSERT INTO public.product_images VALUES ('3a082ad8-7cd7-47a8-89e2-d601fb3737d8', '628a54d2-21e1-46a8-85cf-b85d27a25653', 'https://lidpjayvyknoodjfylaw.supabase.co/storage/v1/object/public/public-assets/products/menu_semanal_gluten_free_imagen1.jpeg', '2025-07-27 03:46:40.670148+00');
INSERT INTO public.product_images VALUES ('526464ac-97f0-4875-982f-8738cc6985be', '628a54d2-21e1-46a8-85cf-b85d27a25653', 'https://lidpjayvyknoodjfylaw.supabase.co/storage/v1/object/public/public-assets/products/menu_semanal_gluten_free_imagen2.jpeg', '2025-07-27 03:46:01.13499+00');
INSERT INTO public.product_images VALUES ('06265411-e9ed-47b4-9071-f79e9f4d8eef', '69c9003e-56e0-4201-9feb-c53900fc474d', 'https://lidpjayvyknoodjfylaw.supabase.co/storage/v1/object/public/public-assets/products/caldo_de_huesos_en_casa_imagen1.jpeg', '2025-07-27 01:20:40.108772+00');
INSERT INTO public.product_images VALUES ('3ec24879-d47f-4ed2-b729-ae320f87c24a', '628a54d2-21e1-46a8-85cf-b85d27a25653', 'https://lidpjayvyknoodjfylaw.supabase.co/storage/v1/object/public/public-assets/products/menu_semanal_gluten_free_imagen3.jpeg', '2025-07-27 03:46:24.81643+00');


--
-- PostgreSQL database dump complete
--

